Link Name,Center of Mass X,Center of Mass Y,Center of Mass Z,Center of Mass Roll,Center of Mass Pitch,Center of Mass Yaw,Mass,Moment Ixx,Moment Ixy,Moment Ixz,Moment Iyy,Moment Iyz,Moment Izz,Visual X,Visual Y,Visual Z,Visual Roll,Visual Pitch,Visual Yaw,Mesh Filename,Color Red,Color Green,Color Blue,Color Alpha,Collision X,Collision Y,Collision Z,Collision Roll,Collision Pitch,Collision Yaw,Collision Mesh Filename,Material Name,SW Components,Coordinate System,Axis Name,Joint Name,Joint Type,Joint Origin X,Joint Origin Y,Joint Origin Z,Joint Origin Roll,Joint Origin Pitch,Joint Origin Yaw,Parent,Joint Axis X,Joint Axis Y,Joint Axis Z,Limit Effort,Limit Velocity,Limit Lower,Limit Upper,Calibration rising,Calibration falling,Dynamics Damping,Dynamics Friction,Safety Soft Upper,Safety Soft Lower,Safety K Position,Safety K Velocity
TRUNK,"0,00194500053247448","0,00999578913882949","-3,10843721015863E-06",0,0,0,"1,61306236955297","0,00458891192951216","-1,92272699182919E-05","-9,03825014234724E-08","0,00280636054063085","1,98886404468031E-07","0,00280873424347472",0,0,0,0,0,0,package://webots_megaman/meshes/TRUNK.STL,"0,792156862745098","0,819607843137255","0,933333333333333",1,0,0,0,0,0,0,package://webots_megaman/meshes/TRUNK.STL,,ASSEMBLY_TRONCO-1/tronco-1;ASSEMBLY_TRONCO-1/Motor_MX106-3;ASSEMBLY_TRONCO-1/Motor_MX106-4;ASSEMBLY_TRONCO-1/Motor_MX106-10;Motor_MX106-6;Motor_MX106-1,Origin_TRUNK,,,,0,0,0,0,0,0,,0,0,0,,,,,,,,,,,,
LARM_0_link,"-0,00232669728230189","3,11481225377525E-05","-0,0285699411007636",0,0,0,"0,0516511929937532","2,31238892005095E-05","-9,09481654236604E-08","-2,1982722420204E-06","2,25016140165178E-05","-1,38012564426616E-08","2,66571934327699E-05",0,0,0,0,0,0,package://webots_megaman/meshes/LARM_0_link.STL,"0,792156862745098","0,819607843137255","0,933333333333333",1,0,0,0,0,0,0,package://webots_megaman/meshes/LARM_0_link.STL,,ombrinhoengrenagem-1;ombro-1;montagem_ombrinho-1/ombrinho-2;montagem_ombrinho-1/ombrinho-1;montagem_ombrinho-1/Encaixe_ombros-1,Origin_LARM_0,Axis_LARM_0,LARM_0,continuous,"-0,0143037025519117","0,0600000000000001","-0,0877999999999999",0,0,0,TRUNK,0,0,1,,,,,,,,,,,,
LARM_1_link,"-0,0308246462505749","-0,0159121533112844","0,00103443526413269",0,0,0,"0,240520456350941","8,90841870580348E-05","-3,55826851988591E-06","2,5410627587283E-07","6,45134699277957E-05","2,98924522820293E-06","0,000112456655339236",0,0,0,0,0,0,package://webots_megaman/meshes/LARM_1_link.STL,"0,898039215686275","0,917647058823529","0,929411764705882",1,0,0,0,0,0,0,package://webots_megaman/meshes/LARM_1_link.STL,,Motor_MX106-2;componente braço2-1;componente braço2-2,Origin_LARM_1,Axis_LARM_1,LARM_1,continuous,"0,0285388321226561","-0,00972235945048416","-0,107031209653791",0,0,0,LARM_0_link,-1,0,0,,,,,,,,,,,,
LARM_2_link,"0,000603472754111073","-0,0465297833929719","0,0317783709413451",0,0,0,"0,586935994111474","0,000720901515084653","-2,55987663292001E-06","-8,56345755433846E-06","0,000351531637997281","2,42416898137229E-05","0,000695313328415081",0,0,0,0,0,0,package://webots_megaman/meshes/LARM_2_link.STL,"0,898039215686275","0,917647058823529","0,929411764705882",1,0,0,0,0,0,0,package://webots_megaman/meshes/LARM_2_link.STL,,Motor_MX106-3;antebraçoengrenagem-1;antebraço-1,Origin_LARM_2,Axis_LARM_2,LARM_2,continuous,"-0,0343057726772583","-0,106812040624228","-0,0246917382681386",0,0,0,LARM_1_link,0,0,1,,,,,,,,,,,,
RARM_0_link,"-0,000307650131765674","0,00197292676235876","0,0285699411007637",0,0,0,"0,0516511929937534","2,26036512800169E-05","-6,96208928668312E-08","2,88890425148357E-07","2,30218519370113E-05","-1,81975538704096E-06","2,66571934327706E-05",0,0,0,0,0,0,package://webots_megaman/meshes/RARM_0_link.STL,"0,792156862745098","0,819607843137255","0,933333333333333",1,0,0,0,0,0,0,package://webots_megaman/meshes/RARM_0_link.STL,,ombro-2;ombrinhoengrenagem-2;montagem_ombrinho-2/ombrinho-1;montagem_ombrinho-2/ombrinho-2;montagem_ombrinho-2/Encaixe_ombros-1,Origin_RARM_0,Axis_RARM_0,RARM_0,continuous,"-0,0143037025519118","0,06","0,0878",0,0,0,TRUNK,0,0,-1,,,,,,,,,,,,
RARM_1_link,"0,0318160320123544","-0,0183711559919192","-0,000307624616393415",0,0,0,"0,240520456220477","8,90062910066761E-05","3,82616882663167E-06","8,08352952372047E-08","6,44224803392797E-05","-9,00534578376812E-07","0,000112625540926163",0,0,0,0,0,0,package://webots_megaman/meshes/RARM_1_link.STL,"0,792156862745098","0,819607843137255","0,933333333333333",1,0,0,0,0,0,0,package://webots_megaman/meshes/RARM_1_link.STL,,componente braço2-3;Motor_MX106-5;componente braço2-4,Origin_RARM_1,Axis_RARM_1,RARM_1,continuous,"-0,0292605455559267","-0,00726702731398501","0,107031209653804",0,0,0,RARM_0_link,1,0,0,,,,,,,,,,,,
RARM_2_link,"0,000281750990853008","-0,0478620258696121","-0,0297365767867627",0,0,0,"0,58693526129301","0,000714665193701579","7,81096487419526E-06","2,38919469351302E-06","0,000350224550418221","-9,33796467406001E-06","0,000702855805216558",0,0,0,0,0,0,package://webots_megaman/meshes/RARM_2_link.STL,"0,898039215686275","0,917647058823529","0,929411764705882",1,0,0,0,0,0,0,package://webots_megaman/meshes/RARM_2_link.STL,,Motor_MX106-4;antebraçoengrenagem-2;antebraço-2,Origin_RARM_2,Axis_RARM_2,RARM_2,continuous,"0,0362035619482911","-0,108031686153889","0,0293315836649447",0,0,0,RARM_1_link,0,0,-1,,,,,,,,,,,,
RLEG_0_link,"0,000293877126883973","-0,0405649845522","-0,0027315243543817",0,0,0,"0,0273046080591718","3,4564885623541E-05","4,22619625020598E-07","3,18657537690546E-09","4,49214093562661E-06","-3,92815803880714E-06","3,45356099291948E-05",0,0,0,0,0,0,package://webots_megaman/meshes/RLEG_0_link.STL,"0,792156862745098","0,819607843137255","0,933333333333333",1,0,0,0,0,0,0,package://webots_megaman/meshes/RLEG_0_link.STL,,pernaengrenagem-2,Origin_RLEG_0,Axis_RLEG_0,RLEG_0,continuous,"0,0181962974480617","-0,0848","0,0469999999999818",0,0,0,TRUNK,0,1,0,,,,,,,,,,,,
RLEG_1_link,"-0,00591736064143986","-0,0147873833211177","0,0274833197334479",0,0,0,"0,360506826096385","0,00028945074065525","-1,4362176757123E-05","1,90206871580953E-06","0,00014930224711344","-1,59423964639409E-05","0,000253716647143172",0,0,0,0,0,0,package://webots_megaman/meshes/RLEG_1_link.STL,"0,898039215686275","0,917647058823529","0,929411764705882",1,0,0,0,0,0,0,package://webots_megaman/meshes/RLEG_1_link.STL,,Motor_MX106-10;antebraçoengrenagem-4;péengrenagem-2,Origin_RLEG_1,Axis_RLEG_1,RLEG_1,continuous,"0,0029202787554071","-0,115600000000001","-0,0271433596297481",0,0,0,RLEG_0_link,0,0,-1,,,,,,,,,,,,
RFOOT_link,"0,0175060288920752","-0,0166978834749208","0,0296130962389786",0,0,0,"0,501585371458768","0,000196137694912786","1,11659065506633E-05","1,32510598447876E-05","0,000924409220995863","1,78767194740416E-06","0,000785761076032187",0,0,0,0,0,0,package://webots_megaman/meshes/RFOOT_link.STL,"0,898039215686275","0,917647058823529","0,929411764705882",1,0,0,0,0,0,0,package://webots_megaman/meshes/RFOOT_link.STL,,Motor_MX106-9;pé-2,Origin_RFOOT,Axis_RFOOT,RFOOT,continuous,"-0,0236807647636813","-0,189515933046185","-0,00391018192565029",0,0,0,RLEG_1_link,0,0,-1,,,,,,,,,,,,
LLEG_0_link,"0,000217545276890635","-0,0405649845522001","-0,00273866082543225",0,0,0,"0,0273046080591718","3,45650405904145E-05","3,12848108729518E-07","2,36505498462462E-09","4,49214093562662E-06","-3,93842087468596E-06","3,45354549623214E-05",0,0,0,0,0,0,package://webots_megaman/meshes/LLEG_0_link.STL,"0,792156862745098","0,819607843137255","0,933333333333333",1,0,0,0,0,0,0,package://webots_megaman/meshes/LLEG_0_link.STL,,pernaengrenagem-1,Origin_LLEG_0,Axis_LLEG_0,LLEG_0,continuous,"0,0181962974480617","-0,0848","-0,0470000000000241",0,0,0,TRUNK,0,1,0,,,,,,,,,,,,
LLEG_1_link,"-0,00329617788945416","-0,0149374452933761","0,027803633620379",0,0,0,"0,360506812821267","0,000291220760188768","-8,50927702108041E-06","1,51706048322197E-06","0,000147450245857295","-1,4861494486868E-05","0,000253798661666825",0,0,0,0,0,0,package://webots_megaman/meshes/LLEG_1_link.STL,"0,898039215686275","0,917647058823529","0,929411764705882",1,0,0,0,0,0,0,package://webots_megaman/meshes/LLEG_1_link.STL,,Motor_MX106-7;antebraçoengrenagem-3;péengrenagem-1,Origin_LLEG_1,Axis_LLEG_1,LLEG_1,continuous,"0,00216176351379208","-0,115600000000001","-0,0272142752706938",0,0,0,LLEG_0_link,0,0,1,,,,,,,,,,,,
LFOOT_link,"0,019448929811801","-0,0166107569331821","0,0284260041511981",0,0,0,"0,501585371526279","0,000201466262919677","1,88752414805981E-05","5,56956140953393E-05","0,000924114685302286","-9,80736899826088E-07","0,000780727043756501",0,0,0,0,0,0,package://webots_megaman/meshes/LFOOT_link.STL,"0,898039215686275","0,917647058823529","0,929411764705882",1,0,0,0,0,0,0,package://webots_megaman/meshes/LFOOT_link.STL,,Motor_MX106-8;pé-1,Origin_LFOOT,Axis_LFOOT,LFOOT,continuous,"-0,010650907127608","-0,190746619946136","-0,00199576549873939",0,0,0,LLEG_1_link,0,0,1,,,,,,,,,,,,
HEAD_0_link,"-2,50535820633668E-05","0,0116455235336563","0,0048735795597608",0,0,0,"0,0153916887167593","7,91779999947804E-06","9,48139289254473E-09","-6,65930056797707E-10","3,94780273282389E-06","-1,84437987679016E-06","8,04733745794714E-06",0,0,0,0,0,0,package://webots_megaman/meshes/HEAD_0_link.STL,"0,792156862745098","0,819607843137255","0,933333333333333",1,0,0,0,0,0,0,package://webots_megaman/meshes/HEAD_0_link.STL,,pescoçoengrenagem-1,Origin_HEAD_0,Axis_HEAD_0,HEAD_0,continuous,"0,0181962974480616","0,0878",0,0,0,0,TRUNK,0,-1,0,,,,,,,,,,,,
HEAD_1_link,"0,000568032143323349","0,00597633451896809","-0,0292825874611945",0,0,0,"0,327233434425446","0,000284830694048041","-5,14675291666625E-06","8,36416365649062E-07","0,00014264428273653","9,82419506879517E-06","0,000199370026906222",0,0,0,0,0,0,package://webots_megaman/meshes/HEAD_1_link.STL,"0,898039215686275","0,917647058823529","0,929411764705882",1,0,0,0,0,0,0,package://webots_megaman/meshes/HEAD_1_link.STL,,Motor_MX106-11;cabeçaengrenagem-1,Origin_HEAD_1,Axis_HEAD_1,HEAD_1,continuous,"-0,000140339096702941","0,0586","0,0272996392821944",0,0,0,HEAD_0_link,0,0,-1,,,,,,,,,,,,
